<?xml version="1.0"?>
<!DOCTYPE hibernate-mapping PUBLIC "-//Hibernate/Hibernate Mapping DTD 3.0//EN"
"http://hibernate.sourceforge.net/hibernate-mapping-3.0.dtd">
<!-- Generated Jul 15, 2013 2:53:22 PM by Hibernate Tools 3.4.0.CR1 -->
<hibernate-mapping>
    <class name="com.rigor.model.Category" table="category_tbl">
        <id name="category_id" type="java.lang.String"><column name="CATEGORY_ID"></column>
        </id>
         <many-to-one name="department" class="com.rigor.model.Department" fetch="select">
            <column name="DEPT_ID" not-null="true" />
        </many-to-one>
        
        <property name="description" type="java.lang.String">
        <column name="DESCRIPTION"></column>
        </property>
        <property name="status" type="int">
        <column name="STATUS"></column>
        </property> 
    </class>
</hibernate-mapping>