<?xml version="1.0"?>
<!DOCTYPE hibernate-mapping PUBLIC "-//Hibernate/Hibernate Mapping DTD 3.0//EN"
"http://hibernate.sourceforge.net/hibernate-mapping-3.0.dtd">
<!-- Generated Jul 15, 2013 2:53:22 PM by Hibernate Tools 3.4.0.CR1 -->
<hibernate-mapping>
	<class name="com.rigor.model.User" table="user_tbl">
	
		<id name="user_id" type="java.lang.String"><column name="USER_ID" ></column></id>
		<property name="name" type="java.lang.String"><column name="NAME"></column></property>
		<property name="email" type="java.lang.String" ><column unique="true" name="EMAIL"></column></property>
		<property name="password" type="java.lang.String" length="255"><column name="PASSWORD"></column></property>
		<property name="role" type="java.lang.String" ><column name="ROLE"></column></property>
 		<many-to-one name="department" class="com.rigor.model.Department" fetch="select">
            <column name="DEPT_ID" not-null="true" />
        </many-to-one>
        <property name="emp_no" type="int"><column name="EMP_NO"></column></property>
		<property name="status" type="int"><column name="STATUS"></column></property>

	</class>
</hibernate-mapping>
